{
    "parent": "block/block",
    "textures": {
        "particle": "block/custom_bench",
        "down": "block/custom_bench",
        "up": "block/custom_bench",
        "north": "block/custom_bench",
        "south": "block/custom_bench",
        "west": "block/custom_bench",
        "east": "block/custom_bench"
    },
    "elements": [
        {
            "from": [
                13,
                0,
                11
            ],
            "to": [
                14,
                1,
                6
            ],
            "faces": {
                "north": {
                    "uv": [
                        0,
                        0,
                        1,
                        1
                    ],
                    "texture": "#north"
                },
                "east": {
                    "uv": [
                        0,
                        0,
                        5,
                        1
                    ],
                    "texture": "#east"
                },
                "south": {
                    "uv": [
                        0,
                        0,
                        1,
                        1
                    ],
                    "texture": "#south"
                },
                "west": {
                    "uv": [
                        0,
                        0,
                        5,
                        1
                    ],
                    "texture": "#west"
                },
                "up": {
                    "uv": [
                        0,
                        0,
                        1,
                        5
                    ],
                    "texture": "#up"
                },
                "down": {
                    "uv": [
                        0,
                        0,
                        1,
                        5
                    ],
                    "texture": "#down"
                }
            }
        }
    ]
}